id,first_name,last_name,email,gender,birthday,street,number,postal_code,town
1,Dorena,Collier,dcollier0@amazon.co.jp,Female,2002/04/21,Hintze,26,90090,Nikísiani
2,Witty,Dallaghan,wdallaghan1@cdc.gov,Male,2000/11/26,Mariners Cove,39,68987,Anyama
3,Lavina,Skelhorn,lskelhorn2@washington.edu,Female,2000/07/17,Armistice,50,62373,Bergamo
4,Dani,Curme,dcurme3@patch.com,Genderfluid,2000/12/03,Linden,17,09487,Tambo Grande
5,Judon,Joutapaitis,jjoutapaitis4@sakura.ne.jp,Male,2001/06/02,Sycamore,29,22114,Pedra Furada
6,Garry,Bilam,gbilam5@ihg.com,Male,2001/03/27,Truax,5,78520,Capitán Bermúdez
7,Chevalier,Saunders,,Male,2001/03/14,Forest,20,85332,Challas
8,Greg,Bartolozzi,gbartolozzi7@delicious.com,Male,2000/12/31,Northland,7,23093,Jamaica
9,Willy,Stubbeley,wstubbeley8@yahoo.co.jp,Male,2001/03/12,Glendale,61,19817,Arcos de Valdevez
10,Rosana,Sawkin,,Female,2001/10/02,Maryland,93,97725,Cacheu
11,Lawton,M'Quharge,lmquhargea@icq.com,Male,2000/10/26,Buena Vista,24,22804,Nanqiao
12,Ferrel,Haire,fhaireb@chicagotribune.com,Male,2001/04/21,Scofield,7,24418,Oropesa
13,Leonhard,Sarsfield,lsarsfieldc@apple.com,Male,2000/09/22,Anderson,28,54552,Cedynia
14,Rebeca,Maris,rmarisd@cnbc.com,Bigender,2002/08/05,Hooker,56,24480,Klayusiwalan
15,Garrik,Abbe,,Male,2001/12/13,Karstens,62,99293,Boston
16,Cole,Siviour,csiviourf@census.gov,Male,2000/05/24,Fisk,20,64583,Pueblo Viejo
17,Kippy,Dillingston,,Male,2002/07/06,Monica,24,21210,North Cowichan
18,Ellary,Stourton,estourtonh@opera.com,Male,2000/10/10,Kings,2,39451,Svalöv
19,Mervin,McJury,mmcjuryi@slashdot.org,Male,2002/08/06,Cody,98,87282,Vân Đình
20,Alf,Stookes,astookesj@squidoo.com,Male,2000/06/01,Walton,83,97462,Hecun
21,Brand,Hazeltine,bhazeltinek@reddit.com,Male,2001/12/27,Farwell,70,40804,Zhangxiong
22,Farlay,Jeanel,fjeanell@phpbb.com,Male,2001/07/04,Autumn Leaf,74,25578,Nicasio
23,Rowe,Beloe,rbeloem@amazon.co.jp,Female,2002/06/10,Hanson,88,95611,Casais Baleal
24,Kay,Damiata,kdamiatan@php.net,Bigender,2000/09/24,Prentice,64,07381,Dajin
25,Leonardo,Corfield,,Bigender,2002/07/30,Sugar,70,77585,Awsīm
26,Kevina,Spinola,kspinolap@unc.edu,Female,2000/06/02,Meadow Ridge,27,05953,Dadong
27,Prent,Clinnick,pclinnickq@ihg.com,Male,2000/06/24,Grover,47,46812,Tambo
28,Melisandra,Bleackly,mbleacklyr@ucla.edu,Female,2002/06/05,Vahlen,9,53899,Cileuya
29,Carlo,Songest,,Male,2002/04/05,Pond,87,60836,Gus’-Zheleznyy
30,Gladys,Folder,gfoldert@163.com,Female,2002/07/22,Sutherland,1,02852,Salaza
31,Issie,Swateridge,iswateridgeu@csmonitor.com,Genderfluid,2001/07/31,Park Meadow,37,85586,Kosava
32,Jonah,Esbrook,jesbrookv@altervista.org,Male,2001/05/12,Jenna,21,76503,Chãos
33,Ethelin,Gorham,,Female,2000/09/07,Corry,31,98672,Hamanoichi
34,Nerti,Dalgarno,ndalgarnox@github.com,Female,2002/05/17,Dunning,73,58439,La Aurora
35,Kori,Matthaus,kmatthausy@washington.edu,Female,2000/10/08,Lakewood Gardens,54,03796,Dabu
36,Sonya,Bissell,sbissellz@freewebs.com,Female,2000/10/21,Menomonie,21,25073,Horní Cerekev
37,Dieter,Tawton,dtawton10@merriam-webster.com,Male,2002/02/03,Claremont,100,39622,Zavitinsk
38,Ketty,Augur,kaugur11@bloglovin.com,Female,2002/06/21,Schiller,4,28011,Bayt al ‘Awābī
39,Montague,Syddall,msyddall12@cbsnews.com,Male,2001/09/20,Jana,49,25779,Alcainça
40,Bobbe,Twycross,btwycross13@umich.edu,Female,2001/04/22,Stone Corner,22,40467,Naudero
41,Gretel,Kempson,gkempson14@harvard.edu,Female,2001/10/18,Moland,35,79753,Polevskoy
42,Federica,Heinert,fheinert15@telegraph.co.uk,Female,2002/01/15,Vahlen,37,48804,Wangren
43,Diarmid,Scaice,dscaice16@cbsnews.com,Male,2001/10/04,Delladonna,20,30893,Huaqiao
44,Francisco,Connolly,fconnolly17@ycombinator.com,Male,2002/06/18,Pennsylvania,10,88295,Solor
45,D'arcy,Keppie,dkeppie18@symantec.com,Genderqueer,2002/05/26,Roth,5,94388,Nanaimo
46,Fergus,Toupe,ftoupe19@macromedia.com,Male,2002/03/03,Bultman,70,82491,Nelson
47,Eileen,Milnthorpe,emilnthorpe1a@livejournal.com,Female,2002/05/04,Forest Dale,22,27267,Grazhdanskoye
48,Donnell,Malzard,dmalzard1b@a8.net,Male,2001/06/24,East,44,97501,Angra do Heroísmo
49,Coretta,Bellchamber,cbellchamber1c@statcounter.com,Female,2001/04/02,Linden,4,64345,Colmeal
50,Bud,Enion,benion1d@edublogs.org,Genderfluid,2001/03/18,Main,72,66217,Weiyanggong
51,Rand,Crow,rcrow1e@sakura.ne.jp,Male,2002/07/31,Tony,84,70021,Latacunga
52,Giraud,Fawks,gfawks1f@jugem.jp,Male,2000/06/04,Declaration,14,64434,Villeneuve-sur-Lot
53,Shell,McRae,,Male,2000/10/26,Sunnyside,61,69326,Marsh Harbour
54,Brigham,Flinders,bflinders1h@cdbaby.com,Male,2001/09/07,Milwaukee,91,76566,Novi Karlovci
55,Ketti,Nawton,knawton1i@shareasale.com,Female,2001/07/13,Jenna,56,77648,Przywidz
56,Annetta,Endecott,aendecott1j@nyu.edu,Female,2000/05/17,Huxley,8,35707,Fovissste
57,Crissy,Meys,cmeys1k@cnn.com,Female,2000/06/11,Helena,46,70548,Kanda
58,Ronda,Pablos,,Female,2001/10/16,Thackeray,6,08497,Versailles
59,Liuka,Lambrechts,llambrechts1m@paypal.com,Female,2002/07/30,Hintze,97,80213,Razan
60,Carry,Dominguez,cdominguez1n@about.me,Female,2001/05/07,Porter,62,45029,Malakand
61,Anastassia,Robiou,arobiou1o@ask.com,Female,2001/05/15,Rieder,45,83477,Aquitania
62,Sibyl,Hadley,shadley1p@shop-pro.jp,Male,2001/07/01,Caliangt,50,31875,Miranda
63,Joey,Watford,jwatford1q@prnewswire.com,Female,2001/11/09,Hallows,85,99728,Tsagaan-Ovoo
64,Marigold,Crumbleholme,mcrumbleholme1r@etsy.com,Female,2002/01/09,Norway Maple,35,30112,Jingkou
65,Read,Cradick,rcradick1s@csmonitor.com,Male,2002/07/13,Lighthouse Bay,64,64348,Leuwihalang
66,Grethel,Beddis,gbeddis1t@seattletimes.com,Female,2001/02/05,Mesta,89,95112,Dokolo
67,Cully,MacGillivray,cmacgillivray1u@netlog.com,Male,2001/02/21,Ruskin,11,78571,Itaituba
68,Wanda,Stanford,,Genderqueer,2001/08/01,Autumn Leaf,50,28738,Quinta de Valadares
69,Tamarra,Havvock,thavvock1w@shutterfly.com,Female,2001/05/10,Quincy,18,80721,Kathu
70,Arri,Mapledoore,amapledoore1x@ucsd.edu,Male,2001/01/06,Weeping Birch,29,10539,Seixo de Manhoses
71,Honor,Iscowitz,hiscowitz1y@sakura.ne.jp,Female,2001/09/20,Lakeland,3,18967,Namangan
72,Kris,Doale,kdoale1z@house.gov,Male,2001/08/30,Nevada,57,84035,Sonina
73,Virginie,Gant,vgant20@ovh.net,Female,2001/10/28,Bartelt,69,54105,San Jose
74,Julianne,Enrico,jenrico21@constantcontact.com,Female,2002/04/08,Cambridge,61,04665,El Alamo
75,Vivianne,Simm,vsimm22@biblegateway.com,Female,2000/10/08,Clemons,44,17601,Perzów
76,Dulci,Valler,dvaller23@bluehost.com,Female,2000/08/18,Moulton,87,65119,Tianta
77,Jolie,Culmer,jculmer24@elpais.com,Female,2001/06/25,4th,34,63226,Sanana
78,Jeramie,Cowlam,jcowlam25@apache.org,Male,2001/09/14,Bashford,88,80600,Guadalupe
79,Georgi,Ordidge,gordidge26@utexas.edu,Male,2001/07/12,Grover,70,39823,Quetta
80,Louisa,Hazeltine,lhazeltine27@blogspot.com,Female,2002/02/06,Gerald,63,00707,Betaf
81,Kameko,Temple,ktemple28@theglobeandmail.com,Female,2001/08/24,Corscot,100,41761,Sakaraha
82,Olenka,Spadeck,,Female,2000/06/16,Nova,72,26409,Pomacanchi
83,Jephthah,Conradsen,jconradsen2a@multiply.com,Genderqueer,2002/03/23,Bluejay,52,29618,Los Fresnos
84,Cilka,Hadigate,chadigate2b@nymag.com,Female,2001/09/05,Thompson,8,12098,Mompós
85,Ari,Conningham,aconningham2c@hugedomains.com,Male,2002/05/09,Mccormick,64,95198,Palermo
86,Nicolle,McIlwrath,nmcilwrath2d@trellian.com,Female,2001/12/30,Waubesa,13,82405,Hongsi
87,Gawain,Handscomb,ghandscomb2e@ebay.com,Male,2002/05/16,Kedzie,51,35926,Kebonsari
88,Benji,Zuann,bzuann2f@nationalgeographic.com,Male,2002/02/03,Kropf,28,50709,Baytā al Fawqā
89,Laurette,Bonnett,lbonnett2g@joomla.org,Female,2000/12/22,Independence,32,44457,Bojongaren
90,Ware,Zavittieri,wzavittieri2h@bloglines.com,Male,2002/04/29,Maryland,34,58713,Huruta
91,Iolanthe,Forsdyke,iforsdyke2i@omniture.com,Female,2001/04/24,Loeprich,96,07959,Lokorae
92,Fair,Malpas,fmalpas2j@samsung.com,Male,2001/09/20,Grayhawk,80,54956,Sampués
93,Yard,Rousel,,Male,2002/07/29,Vernon,80,61863,Tsurib
94,Noel,Lionel,,Genderqueer,2002/04/01,Towne,91,18257,Moyo
95,Jeffrey,Hamstead,jhamstead2m@home.pl,Male,2000/12/09,Buell,15,29961,Darnah
96,Luci,Zanussii,lzanussii2n@nps.gov,Female,2001/04/26,John Wall,39,87417,Longshe
97,Biron,Fend,bfend2o@webnode.com,Male,2001/09/07,Ridgeway,43,93578,Duisburg
98,Neron,Beese,nbeese2p@ezinearticles.com,Male,2001/06/04,Jay,91,01665,Andilamena
99,Wes,Zmitrichenko,wzmitrichenko2q@scribd.com,Male,2002/05/18,Barby,9,99809,Iradan
100,Prissie,Storey,pstorey2r@zimbio.com,Female,2000/05/22,Kingsford,3,10102,Lokuuy
